insert into d26_CLIENTE (ID,CODICE_CLIENTE,RAGIONE_SOCIALE,PIVA,INDIRIZZO,CODICE_SDI) values (31427040034809337490333686901011775861,'C877835','Ius Cum Has Et Populo Putent.','94529114335','18374 PHANTOM','520672');
insert into d26_CLIENTE (ID,CODICE_CLIENTE,RAGIONE_SOCIALE,PIVA,INDIRIZZO,CODICE_SDI) values (31427040034810546416153301530186482037,'C965781','Sectetuer Vel Ex Qui Et Lib.','24240952664','1611 ARNOLD DR','420056');
insert into d26_CLIENTE (ID,CODICE_CLIENTE,RAGIONE_SOCIALE,PIVA,INDIRIZZO,CODICE_SDI) values (31427040034811755341972916159361188213,'C956700','Id Nec Ei Erat Euismod Epicur.','34610093801','137 MARGARET ST','176628');
insert into d26_CLIENTE (ID,CODICE_CLIENTE,RAGIONE_SOCIALE,PIVA,INDIRIZZO,CODICE_SDI) values (31427040034812964267792530788535894389,'C561253','Ad Accusamus Dissentias In.','30111769164','16930 JFK BLVD','293099');
insert into d26_CLIENTE (ID,CODICE_CLIENTE,RAGIONE_SOCIALE,PIVA,INDIRIZZO,CODICE_SDI) values (31427040034814173193612145417710600565,'C687274','Escens Sea Ex Quas Latine Rec.','11373562566','100 N MAIN SUITE 300','619966');
insert into d26_CLIENTE (ID,CODICE_CLIENTE,RAGIONE_SOCIALE,PIVA,INDIRIZZO,CODICE_SDI) values (31427040034815382119431760046885306741,'C475496','Teque Cu Eos Sonet Nemore Del.','91031332202','1550 45TH AVE SE SUITE 1','');
insert into d26_CLIENTE (ID,CODICE_CLIENTE,RAGIONE_SOCIALE,PIVA,INDIRIZZO,CODICE_SDI) values (31427040034816591045251374676060012917,'C234907','Tritani Recteque Mutat Refe.','91238525956','125 G AVENUE','806741');
insert into d26_CLIENTE (ID,CODICE_CLIENTE,RAGIONE_SOCIALE,PIVA,INDIRIZZO,CODICE_SDI) values (31427040034817799971070989305234719093,'C748637','M Usu Aperiri Intellegam El.','10182355081','AIRPORTS DIVISION, 6751 WOODRUM CIRCLE, #200','732420');
insert into d26_CLIENTE (ID,CODICE_CLIENTE,RAGIONE_SOCIALE,PIVA,INDIRIZZO,CODICE_SDI) values (31427040034819008896890603934409425269,'C807340','Vocent Utroque Facilisi Ius.','64307228011','4100 CAPITAL CITY BLVD','961477');
insert into d26_CLIENTE (ID,CODICE_CLIENTE,RAGIONE_SOCIALE,PIVA,INDIRIZZO,CODICE_SDI) values (31427040034820217822710218563584131445,'C146431','No Ei Pri Dolorum Probatus Me.','44498923682','5000 S AIRPORT WAY','186357');
insert into d26_CLIENTE (ID,CODICE_CLIENTE,RAGIONE_SOCIALE,PIVA,INDIRIZZO,CODICE_SDI) values (31427040034821426748529833192758837621,'C302713','E Molestie In Vel At Veri C.','25136771043','PO BOX 773598','605752');
insert into d26_CLIENTE (ID,CODICE_CLIENTE,RAGIONE_SOCIALE,PIVA,INDIRIZZO,CODICE_SDI) values (31427040034822635674349447821933543797,'C956837','Summo Mea At Eam Civibus Pl.','78649977155','DEPT OF ARPTS, 3701 WINGS WAY, #300, 3701 WINGS WAY, SUITE 300','264325');
insert into d26_CLIENTE (ID,CODICE_CLIENTE,RAGIONE_SOCIALE,PIVA,INDIRIZZO,CODICE_SDI) values (31427040034823844600169062451108249973,'C703534','Electus Duo Simul Officiis.','19856134485','P O BOX 112500','851655');
insert into d26_CLIENTE (ID,CODICE_CLIENTE,RAGIONE_SOCIALE,PIVA,INDIRIZZO,CODICE_SDI) values (31427040034825053525988677080282956149,'C122737','Id Pri Conceptam Inciderin.','67479913474','1960 JOE CROSSON DRIVE','214304');
insert into d26_CLIENTE (ID,CODICE_CLIENTE,RAGIONE_SOCIALE,PIVA,INDIRIZZO,CODICE_SDI) values (31427040034826262451808291709457662325,'C790220','Putant Suscipiantur Definitio.','80070697026','CITY HALL, 707 WEST ACEQUIA','269311');
insert into d26_CLIENTE (ID,CODICE_CLIENTE,RAGIONE_SOCIALE,PIVA,INDIRIZZO,CODICE_SDI) values (31427040034827471377627906338632368501,'C967605','Rsarium Ut Ius Eam Unum Ludus.','82693465464','ONE PANGBORN DRIVE','227398');
insert into d26_CLIENTE (ID,CODICE_CLIENTE,RAGIONE_SOCIALE,PIVA,INDIRIZZO,CODICE_SDI) values (31427040034828680303447520967807074677,'C599773','Adolescens Ex Nemore Facilisi.','86570401562','11038 E. HWY 37','223059');
insert into d26_CLIENTE (ID,CODICE_CLIENTE,RAGIONE_SOCIALE,PIVA,INDIRIZZO,CODICE_SDI) values (31427040034829889229267135596981780853,'C906242','Aluisset Ad Prima Tamquam Oc.','22765685443','P.O BOX 112506','495813');
insert into d26_CLIENTE (ID,CODICE_CLIENTE,RAGIONE_SOCIALE,PIVA,INDIRIZZO,CODICE_SDI) values (31427040034831098155086750226156487029,'C838641','Icatissimi Ad At Quo Recteque.','17059007905','295 AVIATION PARKWAY SUITE 205','576804');
insert into d26_CLIENTE (ID,CODICE_CLIENTE,RAGIONE_SOCIALE,PIVA,INDIRIZZO,CODICE_SDI) values (31427040034832307080906364855331193205,'C261996','Tos Similique Et Usu Dico Mne.','33100953679','975 TERMINAL WAY','838442');
insert into d26_CLIENTE (ID,CODICE_CLIENTE,RAGIONE_SOCIALE,PIVA,INDIRIZZO,CODICE_SDI) values (31427040034833516006725979484505899381,'C110946','Repudiare Sed Eahas Ignot.','78637742611','1729 T. ED CAMPBELL DR SUITE A','771374');
insert into d26_CLIENTE (ID,CODICE_CLIENTE,RAGIONE_SOCIALE,PIVA,INDIRIZZO,CODICE_SDI) values (31427040034834724932545594113680605557,'C676622','S Te Pro Numquam Nusquam Ass.','10464933593','100 WEST WASHINGTON ST','597562');
insert into d26_CLIENTE (ID,CODICE_CLIENTE,RAGIONE_SOCIALE,PIVA,INDIRIZZO,CODICE_SDI) values (31427040034835933858365208742855311733,'C443778','I Eam At Quo Justo Oportere M.','89436040588','6510 SE FORBES AVE #1','114037');
insert into d26_CLIENTE (ID,CODICE_CLIENTE,RAGIONE_SOCIALE,PIVA,INDIRIZZO,CODICE_SDI) values (31427040034837142784184823372030017909,'C271923','Mei Legere Tibique Antiopam.','70779996997','PO BOX 112500','802486');
insert into d26_CLIENTE (ID,CODICE_CLIENTE,RAGIONE_SOCIALE,PIVA,INDIRIZZO,CODICE_SDI) values (31427040034838351710004438001204724085,'C117071','Usu Incibo Prodesset Def.','76299129026','2403 AVIATION BLVD.','863081');
insert into d26_CLIENTE (ID,CODICE_CLIENTE,RAGIONE_SOCIALE,PIVA,INDIRIZZO,CODICE_SDI) values (31427040034839560635824052630379430261,'C914155','S Moderatius Mel Ea Te Vis S.','29418626794','13722 AIRPORT DRIVE, P.O. BOX 672','542177');
insert into d26_CLIENTE (ID,CODICE_CLIENTE,RAGIONE_SOCIALE,PIVA,INDIRIZZO,CODICE_SDI) values (31427040034840769561643667259554136437,'C269151','Tincidunt Liber Aeterno Adve.','83917913665','3250 W BRITT DAVID RD','284733');
insert into d26_CLIENTE (ID,CODICE_CLIENTE,RAGIONE_SOCIALE,PIVA,INDIRIZZO,CODICE_SDI) values (31427040034841978487463281888728842613,'C905807','Utamur Usu Errem Commodo Epic.','58972688821','PO BOX 1560','801167');
insert into d26_CLIENTE (ID,CODICE_CLIENTE,RAGIONE_SOCIALE,PIVA,INDIRIZZO,CODICE_SDI) values (31427040034843187413282896517903548789,'C587083','Initiones Cu Cum Eu Has Debe.','93315585444','P.O. BOX 6, 188 AIRPORT RD.','644228');
insert into d26_CLIENTE (ID,CODICE_CLIENTE,RAGIONE_SOCIALE,PIVA,INDIRIZZO,CODICE_SDI) values (31427040034844396339102511147078254965,'C831583','Menandri Vis Aperiri Numqua.','62798704059','PO BOX 158','943552');
insert into d26_CLIENTE (ID,CODICE_CLIENTE,RAGIONE_SOCIALE,PIVA,INDIRIZZO,CODICE_SDI) values (31427040034845605264922125776252961141,'C760063','Diam His In Vis Sint Brute L.','83692676758','CITY HALL','178167');
insert into d26_CLIENTE (ID,CODICE_CLIENTE,RAGIONE_SOCIALE,PIVA,INDIRIZZO,CODICE_SDI) values (31427040034846814190741740405427667317,'C835456','Urbanitas Nobis Iriure Alte.','18724641878','ONE HARBORSIDE DR','855713');
insert into d26_CLIENTE (ID,CODICE_CLIENTE,RAGIONE_SOCIALE,PIVA,INDIRIZZO,CODICE_SDI) values (31427040034848023116561355034602373493,'C833580','Nes Sed Ad Natum Integre Alie.','63703078388','PO BOX 60','176153');
insert into d26_CLIENTE (ID,CODICE_CLIENTE,RAGIONE_SOCIALE,PIVA,INDIRIZZO,CODICE_SDI) values (31427040034849232042380969663777079669,'C525195','Actatos Efficiendi An His A.','82974295387','CITY HALL, 201 SOUTH FRANKLIN','280097');
insert into d26_CLIENTE (ID,CODICE_CLIENTE,RAGIONE_SOCIALE,PIVA,INDIRIZZO,CODICE_SDI) values (31427040034850440968200584292951785845,'C625555','Erit Prima Eirmod Inimicus V.','98686033843','PO BOX 490','582430');
insert into d26_CLIENTE (ID,CODICE_CLIENTE,RAGIONE_SOCIALE,PIVA,INDIRIZZO,CODICE_SDI) values (31427040034851649894020198922126492021,'C594375','Num Nam Te Mutat Sadipscing.','79947442697','P.O. BOX 1180','930862');
insert into d26_CLIENTE (ID,CODICE_CLIENTE,RAGIONE_SOCIALE,PIVA,INDIRIZZO,CODICE_SDI) values (31427040034852858819839813551301198197,'C827515','Ndis No Meitritani Tincidun.','17147635038','PO BOX 2210','103507');
insert into d26_CLIENTE (ID,CODICE_CLIENTE,RAGIONE_SOCIALE,PIVA,INDIRIZZO,CODICE_SDI) values (31427040034854067745659428180475904373,'C335786','Ex Eam At Utroque Laoreet.','93871841360','4701 GRINDEN DR','777135');
insert into d26_CLIENTE (ID,CODICE_CLIENTE,RAGIONE_SOCIALE,PIVA,INDIRIZZO,CODICE_SDI) values (31427040034855276671479042809650610549,'C599917','Avi Theophrastus Te Duo Ipsu.','86591071482','PO BOX 2039','749612');
insert into d26_CLIENTE (ID,CODICE_CLIENTE,RAGIONE_SOCIALE,PIVA,INDIRIZZO,CODICE_SDI) values (31427040034856485597298657438825316725,'C381432','Rgren Pro An Eam Cu Iisque S.','85844216129','212 AIRPORT DR SUITE E','102732');
insert into d26_CLIENTE (ID,CODICE_CLIENTE,RAGIONE_SOCIALE,PIVA,INDIRIZZO,CODICE_SDI) values (31427040034857694523118272068000022901,'C476209','Mei Tantas Reformidans Ea Ea.','76834894647','1601 E 3RD STREET','431004');
insert into d26_CLIENTE (ID,CODICE_CLIENTE,RAGIONE_SOCIALE,PIVA,INDIRIZZO,CODICE_SDI) values (31427040034858903448937886697174729077,'C419469','I Essent Platonem Ne Pro Cib.','33336970213','7801 BUSSING DR','212640');
insert into d26_CLIENTE (ID,CODICE_CLIENTE,RAGIONE_SOCIALE,PIVA,INDIRIZZO,CODICE_SDI) values (31427040034860112374757501326349435253,'C920015','N Magna Facilis Oblique Part.','89679519202','PO BOX 196900','425959');
insert into d26_CLIENTE (ID,CODICE_CLIENTE,RAGIONE_SOCIALE,PIVA,INDIRIZZO,CODICE_SDI) values (31427040034861321300577115955524141429,'C427461','Iendo An Est Et Eam Commune.','12369322727','800 ARPT DR SUITE 15','587580');
insert into d26_CLIENTE (ID,CODICE_CLIENTE,RAGIONE_SOCIALE,PIVA,INDIRIZZO,CODICE_SDI) values (31427040034862530226396730584698847605,'C908402','O His Veniam Molestiae Assuev.','79536417433','BOX 1180','171243');
insert into d26_CLIENTE (ID,CODICE_CLIENTE,RAGIONE_SOCIALE,PIVA,INDIRIZZO,CODICE_SDI) values (31427040034863739152216345213873553781,'C125964','R Illum Legendos Pericula T.','94434275055','8500 AIRPORT PARKWAY, SUITE 208','433499');
insert into d26_CLIENTE (ID,CODICE_CLIENTE,RAGIONE_SOCIALE,PIVA,INDIRIZZO,CODICE_SDI) values (31427040034864948078035959843048259957,'C502941','Imicus An Vim Eu Delenit Inte.','38113627045','375 AIRPORT DR, 375 AIRPORT DRIVE','806627');
insert into d26_CLIENTE (ID,CODICE_CLIENTE,RAGIONE_SOCIALE,PIVA,INDIRIZZO,CODICE_SDI) values (31427040034866157003855574472222966133,'C688184','Rtem Altera Suscipiantur Con.','67851380854','PO BOX 112506','101766');
insert into d26_CLIENTE (ID,CODICE_CLIENTE,RAGIONE_SOCIALE,PIVA,INDIRIZZO,CODICE_SDI) values (31427040034867365929675189101397672309,'C755208','Uditi Assueverit Eos Cu Ut.','31699553682','2301 PEGER RD','913845');
insert into d26_CLIENTE (ID,CODICE_CLIENTE,RAGIONE_SOCIALE,PIVA,INDIRIZZO,CODICE_SDI) values (31427040034868574855494803730572378485,'C132844','Delenit Dissentiet Eu Vim Id.','37999721924','2301 PEGER ROAD','747531');
insert into d26_FATTURA_TESTATA (ID,CLIENTE_ID,ANNO,NUMERO,DESCRIZIONE,DATA) values (31427040034869783781314418359747084661,'31427040034851649894020198922126492021','2024',7745,'S Moderatius Mel Ea Te Vis S.',to_date('2024-10-20','YYYY-MM-DD'));
insert into d26_FATTURA_TESTATA (ID,CLIENTE_ID,ANNO,NUMERO,DESCRIZIONE,DATA) values (31427040034870992707134032988921790837,'31427040034809337490333686901011775861','2024',1759,'Sectetuer Vel Ex Qui Et Lib.',to_date('2024-01-15','YYYY-MM-DD'));
insert into d26_FATTURA_TESTATA (ID,CLIENTE_ID,ANNO,NUMERO,DESCRIZIONE,DATA) values (31427040034872201632953647618096497013,'31427040034814173193612145417710600565','2024',3364,'Initiones Cu Cum Eu Has Debe.',to_date('2024-05-09','YYYY-MM-DD'));
insert into d26_FATTURA_TESTATA (ID,CLIENTE_ID,ANNO,NUMERO,DESCRIZIONE,DATA) values (31427040034873410558773262247271203189,'31427040034825053525988677080282956149','2024',4065,'N Magna Facilis Oblique Part.',to_date('2024-04-02','YYYY-MM-DD'));
insert into d26_FATTURA_TESTATA (ID,CLIENTE_ID,ANNO,NUMERO,DESCRIZIONE,DATA) values (31427040034874619484592876876445909365,'31427040034844396339102511147078254965','2024',1703,'Teque Cu Eos Sonet Nemore Del.',to_date('2024-10-11','YYYY-MM-DD'));
insert into d26_FATTURA_TESTATA (ID,CLIENTE_ID,ANNO,NUMERO,DESCRIZIONE,DATA) values (31427040034875828410412491505620615541,'31427040034833516006725979484505899381','2024',5550,'No Ei Pri Dolorum Probatus Me.',to_date('2024-11-27','YYYY-MM-DD'));
insert into d26_FATTURA_TESTATA (ID,CLIENTE_ID,ANNO,NUMERO,DESCRIZIONE,DATA) values (31427040034877037336232106134795321717,'31427040034854067745659428180475904373','2024',8117,'Id Nec Ei Erat Euismod Epicur.',to_date('2024-05-13','YYYY-MM-DD'));
insert into d26_FATTURA_TESTATA (ID,CLIENTE_ID,ANNO,NUMERO,DESCRIZIONE,DATA) values (31427040034878246262051720763970027893,'31427040034864948078035959843048259957','2024',1266,'Avi Theophrastus Te Duo Ipsu.',to_date('2024-07-27','YYYY-MM-DD'));
insert into d26_FATTURA_TESTATA (ID,CLIENTE_ID,ANNO,NUMERO,DESCRIZIONE,DATA) values (31427040034879455187871335393144734069,'31427040034827471377627906338632368501','2024',1753,'Escens Sea Ex Quas Latine Rec.',to_date('2024-04-08','YYYY-MM-DD'));
insert into d26_FATTURA_TESTATA (ID,CLIENTE_ID,ANNO,NUMERO,DESCRIZIONE,DATA) values (31427040034880664113690950022319440245,'31427040034846814190741740405427667317','2024',4965,'Rsarium Ut Ius Eam Unum Ludus.',to_date('2024-07-27','YYYY-MM-DD'));
insert into d26_FATTURA_TESTATA (ID,CLIENTE_ID,ANNO,NUMERO,DESCRIZIONE,DATA) values (31427040034881873039510564651494146421,'31427040034855276671479042809650610549','2024',2371,'Putant Suscipiantur Definitio.',to_date('2024-08-11','YYYY-MM-DD'));
insert into d26_FATTURA_TESTATA (ID,CLIENTE_ID,ANNO,NUMERO,DESCRIZIONE,DATA) values (31427040034883081965330179280668852597,'31427040034821426748529833192758837621','2024',3009,'Erit Prima Eirmod Inimicus V.',to_date('2024-04-01','YYYY-MM-DD'));
insert into d26_FATTURA_TESTATA (ID,CLIENTE_ID,ANNO,NUMERO,DESCRIZIONE,DATA) values (31427040034884290891149793909843558773,'31427040034866157003855574472222966133','2024',3388,'R Illum Legendos Pericula T.',to_date('2024-03-01','YYYY-MM-DD'));
insert into d26_FATTURA_TESTATA (ID,CLIENTE_ID,ANNO,NUMERO,DESCRIZIONE,DATA) values (31427040034885499816969408539018264949,'31427040034823844600169062451108249973','2024',2130,'Tincidunt Liber Aeterno Adve.',to_date('2024-10-25','YYYY-MM-DD'));
insert into d26_FATTURA_TESTATA (ID,CLIENTE_ID,ANNO,NUMERO,DESCRIZIONE,DATA) values (31427040034886708742789023168192971125,'31427040034810546416153301530186482037','2024',7349,'Utamur Usu Errem Commodo Epic.',to_date('2024-03-04','YYYY-MM-DD'));
insert into d26_FATTURA_TESTATA (ID,CLIENTE_ID,ANNO,NUMERO,DESCRIZIONE,DATA) values (31427040034887917668608637797367677301,'31427040034850440968200584292951785845','2024',8430,'Ndis No Meitritani Tincidun.',to_date('2024-07-13','YYYY-MM-DD'));
insert into d26_FATTURA_TESTATA (ID,CLIENTE_ID,ANNO,NUMERO,DESCRIZIONE,DATA) values (31427040034889126594428252426542383477,'31427040034837142784184823372030017909','2024',7995,'Usu Incibo Prodesset Def.',to_date('2024-08-06','YYYY-MM-DD'));
insert into d26_FATTURA_TESTATA (ID,CLIENTE_ID,ANNO,NUMERO,DESCRIZIONE,DATA) values (31427040034890335520247867055717089653,'31427040034812964267792530788535894389','2024',5049,'Iendo An Est Et Eam Commune.',to_date('2024-06-08','YYYY-MM-DD'));
insert into d26_FATTURA_TESTATA (ID,CLIENTE_ID,ANNO,NUMERO,DESCRIZIONE,DATA) values (31427040034891544446067481684891795829,'31427040034819008896890603934409425269','2024',5349,'Urbanitas Nobis Iriure Alte.',to_date('2024-09-29','YYYY-MM-DD'));
insert into d26_FATTURA_TESTATA (ID,CLIENTE_ID,ANNO,NUMERO,DESCRIZIONE,DATA) values (31427040034892753371887096314066502005,'31427040034858903448937886697174729077','2024',834,'Icatissimi Ad At Quo Recteque.',to_date('2024-04-02','YYYY-MM-DD'));
insert into d26_FATTURA_TESTATA (ID,CLIENTE_ID,ANNO,NUMERO,DESCRIZIONE,DATA) values (31427040034893962297706710943241208181,'31427040034815382119431760046885306741','2024',4006,'Tos Similique Et Usu Dico Mne.',to_date('2024-07-04','YYYY-MM-DD'));
insert into d26_FATTURA_TESTATA (ID,CLIENTE_ID,ANNO,NUMERO,DESCRIZIONE,DATA) values (31427040034895171223526325572415914357,'31427040034863739152216345213873553781','2024',2461,'Imicus An Vim Eu Delenit Inte.',to_date('2024-11-24','YYYY-MM-DD'));
insert into d26_FATTURA_TESTATA (ID,CLIENTE_ID,ANNO,NUMERO,DESCRIZIONE,DATA) values (31427040034896380149345940201590620533,'31427040034862530226396730584698847605','2024',963,'Delenit Dissentiet Eu Vim Id.',to_date('2024-05-29','YYYY-MM-DD'));
insert into d26_FATTURA_TESTATA (ID,CLIENTE_ID,ANNO,NUMERO,DESCRIZIONE,DATA) values (31427040034897589075165554830765326709,'31427040034848023116561355034602373493','2024',5749,'Vocent Utroque Facilisi Ius.',to_date('2024-08-13','YYYY-MM-DD'));
insert into d26_FATTURA_TESTATA (ID,CLIENTE_ID,ANNO,NUMERO,DESCRIZIONE,DATA) values (31427040034898798000985169459940032885,'31427040034852858819839813551301198197','2024',4117,'I Eam At Quo Justo Oportere M.',to_date('2024-09-21','YYYY-MM-DD'));
insert into d26_FATTURA_TESTATA (ID,CLIENTE_ID,ANNO,NUMERO,DESCRIZIONE,DATA) values (31427040034900006926804784089114739061,'31427040034849232042380969663777079669','2024',3918,'Electus Duo Simul Officiis.',to_date('2024-05-07','YYYY-MM-DD'));
insert into d26_FATTURA_TESTATA (ID,CLIENTE_ID,ANNO,NUMERO,DESCRIZIONE,DATA) values (31427040034901215852624398718289445237,'31427040034817799971070989305234719093','2024',668,'Mei Tantas Reformidans Ea Ea.',to_date('2024-01-12','YYYY-MM-DD'));
insert into d26_FATTURA_TESTATA (ID,CLIENTE_ID,ANNO,NUMERO,DESCRIZIONE,DATA) values (31427040034902424778444013347464151413,'31427040034861321300577115955524141429','2024',6258,'Nes Sed Ad Natum Integre Alie.',to_date('2024-02-11','YYYY-MM-DD'));
insert into d26_FATTURA_TESTATA (ID,CLIENTE_ID,ANNO,NUMERO,DESCRIZIONE,DATA) values (31427040034903633704263627976638857589,'31427040034841978487463281888728842613','2024',9704,'Actatos Efficiendi An His A.',to_date('2024-05-21','YYYY-MM-DD'));
insert into d26_FATTURA_TESTATA (ID,CLIENTE_ID,ANNO,NUMERO,DESCRIZIONE,DATA) values (31427040034904842630083242605813563765,'31427040034826262451808291709457662325','2024',8579,'Summo Mea At Eam Civibus Pl.',to_date('2024-01-27','YYYY-MM-DD'));
insert into d26_FATTURA_TESTATA (ID,CLIENTE_ID,ANNO,NUMERO,DESCRIZIONE,DATA) values (31427040034906051555902857234988269941,'31427040034811755341972916159361188213','2024',5303,'Mei Legere Tibique Antiopam.',to_date('2024-04-01','YYYY-MM-DD'));
insert into d26_FATTURA_TESTATA (ID,CLIENTE_ID,ANNO,NUMERO,DESCRIZIONE,DATA) values (31427040034907260481722471864162976117,'31427040034822635674349447821933543797','2024',7861,'Repudiare Sed Eahas Ignot.',to_date('2024-12-19','YYYY-MM-DD'));
insert into d26_FATTURA_TESTATA (ID,CLIENTE_ID,ANNO,NUMERO,DESCRIZIONE,DATA) values (31427040034908469407542086493337682293,'31427040034857694523118272068000022901','2024',3787,'Ius Cum Has Et Populo Putent.',to_date('2024-01-22','YYYY-MM-DD'));
insert into d26_FATTURA_TESTATA (ID,CLIENTE_ID,ANNO,NUMERO,DESCRIZIONE,DATA) values (31427040034909678333361701122512388469,'31427040034843187413282896517903548789','2024',3446,'Aluisset Ad Prima Tamquam Oc.',to_date('2024-05-06','YYYY-MM-DD'));
insert into d26_FATTURA_TESTATA (ID,CLIENTE_ID,ANNO,NUMERO,DESCRIZIONE,DATA) values (31427040034910887259181315751687094645,'31427040034867365929675189101397672309','2024',1106,'Rtem Altera Suscipiantur Con.',to_date('2024-03-17','YYYY-MM-DD'));
insert into d26_FATTURA_TESTATA (ID,CLIENTE_ID,ANNO,NUMERO,DESCRIZIONE,DATA) values (31427040034912096185000930380861800821,'31427040034816591045251374676060012917','2024',8258,'Tritani Recteque Mutat Refe.',to_date('2024-07-29','YYYY-MM-DD'));
insert into d26_FATTURA_TESTATA (ID,CLIENTE_ID,ANNO,NUMERO,DESCRIZIONE,DATA) values (31427040034913305110820545010036506997,'31427040034845605264922125776252961141','2024',7799,'Rgren Pro An Eam Cu Iisque S.',to_date('2024-09-28','YYYY-MM-DD'));
insert into d26_FATTURA_TESTATA (ID,CLIENTE_ID,ANNO,NUMERO,DESCRIZIONE,DATA) values (31427040034914514036640159639211213173,'31427040034840769561643667259554136437','2024',4728,'Ad Accusamus Dissentias In.',to_date('2024-05-01','YYYY-MM-DD'));
insert into d26_FATTURA_TESTATA (ID,CLIENTE_ID,ANNO,NUMERO,DESCRIZIONE,DATA) values (31427040034915722962459774268385919349,'31427040034831098155086750226156487029','2024',207,'M Usu Aperiri Intellegam El.',to_date('2024-11-15','YYYY-MM-DD'));
insert into d26_FATTURA_TESTATA (ID,CLIENTE_ID,ANNO,NUMERO,DESCRIZIONE,DATA) values (31427040034916931888279388897560625525,'31427040034834724932545594113680605557','2024',8675,'Uditi Assueverit Eos Cu Ut.',to_date('2024-09-30','YYYY-MM-DD'));
insert into d26_FATTURA_TESTATA (ID,CLIENTE_ID,ANNO,NUMERO,DESCRIZIONE,DATA) values (31427040034918140814099003526735331701,'31427040034860112374757501326349435253','2024',8909,'I Essent Platonem Ne Pro Cib.',to_date('2024-08-08','YYYY-MM-DD'));
insert into d26_FATTURA_TESTATA (ID,CLIENTE_ID,ANNO,NUMERO,DESCRIZIONE,DATA) values (31427040034919349739918618155910037877,'31427040034835933858365208742855311733','2024',1674,'Ex Eam At Utroque Laoreet.',to_date('2024-10-19','YYYY-MM-DD'));
insert into d26_FATTURA_TESTATA (ID,CLIENTE_ID,ANNO,NUMERO,DESCRIZIONE,DATA) values (31427040034920558665738232785084744053,'31427040034829889229267135596981780853','2024',2073,'Diam His In Vis Sint Brute L.',to_date('2024-06-20','YYYY-MM-DD'));
insert into d26_FATTURA_TESTATA (ID,CLIENTE_ID,ANNO,NUMERO,DESCRIZIONE,DATA) values (31427040034921767591557847414259450229,'31427040034838351710004438001204724085','2024',6469,'Id Pri Conceptam Inciderin.',to_date('2024-10-08','YYYY-MM-DD'));
insert into d26_FATTURA_TESTATA (ID,CLIENTE_ID,ANNO,NUMERO,DESCRIZIONE,DATA) values (31427040034922976517377462043434156405,'31427040034868574855494803730572378485','2024',9867,'O His Veniam Molestiae Assuev.',to_date('2024-05-12','YYYY-MM-DD'));
insert into d26_FATTURA_TESTATA (ID,CLIENTE_ID,ANNO,NUMERO,DESCRIZIONE,DATA) values (31427040034924185443197076672608862581,'31427040034856485597298657438825316725','2024',5090,'Menandri Vis Aperiri Numqua.',to_date('2024-01-24','YYYY-MM-DD'));
insert into d26_FATTURA_TESTATA (ID,CLIENTE_ID,ANNO,NUMERO,DESCRIZIONE,DATA) values (31427040034925394369016691301783568757,'31427040034839560635824052630379430261','2024',9949,'E Molestie In Vel At Veri C.',to_date('2024-11-13','YYYY-MM-DD'));
insert into d26_FATTURA_TESTATA (ID,CLIENTE_ID,ANNO,NUMERO,DESCRIZIONE,DATA) values (31427040034926603294836305930958274933,'31427040034828680303447520967807074677','2024',2244,'S Te Pro Numquam Nusquam Ass.',to_date('2024-10-11','YYYY-MM-DD'));
insert into d26_FATTURA_TESTATA (ID,CLIENTE_ID,ANNO,NUMERO,DESCRIZIONE,DATA) values (31427040034927812220655920560132981109,'31427040034832307080906364855331193205','2024',5690,'Num Nam Te Mutat Sadipscing.',to_date('2024-08-03','YYYY-MM-DD'));
insert into d26_FATTURA_TESTATA (ID,CLIENTE_ID,ANNO,NUMERO,DESCRIZIONE,DATA) values (31427040034929021146475535189307687285,'31427040034820217822710218563584131445','2024',2478,'Adolescens Ex Nemore Facilisi.',to_date('2024-03-16','YYYY-MM-DD'));
insert into d26_FATTURA_DETTAGLIO (ID,FATTURA_TESTATA_ID,RIGA,DESCRIZIONE,QUANTITA,IMPORTO) values (31427040034930230072295149818482393461,'31427040034884290891149793909843558773',454,'Industries in the Insurance Carriers and Related Activities subsector group establishments that are ',8,6559);
insert into d26_FATTURA_DETTAGLIO (ID,FATTURA_TESTATA_ID,RIGA,DESCRIZIONE,QUANTITA,IMPORTO) values (31427040034931438998114764447657099637,'31427040034921767591557847414259450229',540,'Industries in the Hospitals subsector provide medical, diagnostic, and treatment services that inclu',13,3356);
insert into d26_FATTURA_DETTAGLIO (ID,FATTURA_TESTATA_ID,RIGA,DESCRIZIONE,QUANTITA,IMPORTO) values (31427040034932647923934379076831805813,'31427040034929021146475535189307687285',886,'Industries in the Nursing and Residential Care Facilities subsector provide residential care combine',40,6796);
insert into d26_FATTURA_DETTAGLIO (ID,FATTURA_TESTATA_ID,RIGA,DESCRIZIONE,QUANTITA,IMPORTO) values (31427040034933856849753993706006511989,'31427040034918140814099003526735331701',518,'Industries in the Museums, Historical Sites, and Similar Institutions subsector engage in the preser',7,807);
insert into d26_FATTURA_DETTAGLIO (ID,FATTURA_TESTATA_ID,RIGA,DESCRIZIONE,QUANTITA,IMPORTO) values (31427040034935065775573608335181218165,'31427040034910887259181315751687094645',620,'Industries in the Rental and Leasing Services subsector include establishments that provide a wide a',3,8813);
insert into d26_FATTURA_DETTAGLIO (ID,FATTURA_TESTATA_ID,RIGA,DESCRIZIONE,QUANTITA,IMPORTO) values (31427040034936274701393222964355924341,'31427040034879455187871335393144734069',159,'Industries in the Electrical Equipment, Appliance, and Component Manufacturing subsector manufacture',48,765);
insert into d26_FATTURA_DETTAGLIO (ID,FATTURA_TESTATA_ID,RIGA,DESCRIZIONE,QUANTITA,IMPORTO) values (31427040034937483627212837593530630517,'31427040034915722962459774268385919349',359,'Industries in the Credit Intermediation and Related Activities subsector group establishments that (',45,1616);
insert into d26_FATTURA_DETTAGLIO (ID,FATTURA_TESTATA_ID,RIGA,DESCRIZIONE,QUANTITA,IMPORTO) values (31427040034938692553032452222705336693,'31427040034875828410412491505620615541',955,'Industries in the Furniture and Home Furnishings Stores subsector retail new furniture and home furn',19,5173);
insert into d26_FATTURA_DETTAGLIO (ID,FATTURA_TESTATA_ID,RIGA,DESCRIZIONE,QUANTITA,IMPORTO) values (31427040034939901478852066851880042869,'31427040034886708742789023168192971125',276,'Industries in the Data Processing, Hosting, and Related Services subsector group establishments that',19,1534);
insert into d26_FATTURA_DETTAGLIO (ID,FATTURA_TESTATA_ID,RIGA,DESCRIZIONE,QUANTITA,IMPORTO) values (31427040034941110404671681481054749045,'31427040034881873039510564651494146421',809,'Industries in the Air Transportation subsector provide air transportation of passengers and/or cargo',13,2229);
insert into d26_FATTURA_DETTAGLIO (ID,FATTURA_TESTATA_ID,RIGA,DESCRIZIONE,QUANTITA,IMPORTO) values (31427040034942319330491296110229455221,'31427040034883081965330179280668852597',882,'Industries in the Motion Picture and Sound Recording Industries subsector group establishments invol',4,3796);
insert into d26_FATTURA_DETTAGLIO (ID,FATTURA_TESTATA_ID,RIGA,DESCRIZIONE,QUANTITA,IMPORTO) values (31427040034943528256310910739404161397,'31427040034895171223526325572415914357',414,'Industries in the Social Assistance subsector provide a wide variety of social assistance services d',11,6285);
insert into d26_FATTURA_DETTAGLIO (ID,FATTURA_TESTATA_ID,RIGA,DESCRIZIONE,QUANTITA,IMPORTO) values (31427040034944737182130525368578867573,'31427040034914514036640159639211213173',510,'Industries in the Food Services and Drinking Places subsector prepare meals, snacks, and beverages t',49,1432);
insert into d26_FATTURA_DETTAGLIO (ID,FATTURA_TESTATA_ID,RIGA,DESCRIZIONE,QUANTITA,IMPORTO) values (31427040034945946107950139997753573749,'31427040034925394369016691301783568757',476,'Industries in the Truck Transportation subsector provide over-the-road transportation of cargo using',13,9836);
insert into d26_FATTURA_DETTAGLIO (ID,FATTURA_TESTATA_ID,RIGA,DESCRIZIONE,QUANTITA,IMPORTO) values (31427040034947155033769754626928279925,'31427040034891544446067481684891795829',427,'Industries in the Pipeline Transportation subsector use transmission pipelines to transport products',10,6556);
insert into d26_FATTURA_DETTAGLIO (ID,FATTURA_TESTATA_ID,RIGA,DESCRIZIONE,QUANTITA,IMPORTO) values (31427040034948363959589369256102986101,'31427040034887917668608637797367677301',236,'Industries in the Amusement, Gambling, and Recreation Industries subsector (1) operate facilities wh',37,199);
insert into d26_FATTURA_DETTAGLIO (ID,FATTURA_TESTATA_ID,RIGA,DESCRIZIONE,QUANTITA,IMPORTO) values (31427040034949572885408983885277692277,'31427040034889126594428252426542383477',708,'The Chemical Manufacturing subsector is based on the transformation of organic and inorganic raw mat',34,2126);
insert into d26_FATTURA_DETTAGLIO (ID,FATTURA_TESTATA_ID,RIGA,DESCRIZIONE,QUANTITA,IMPORTO) values (31427040034950781811228598514452398453,'31427040034904842630083242605813563765',963,'Industries in the Food and Beverage Stores subsector usually retail food and beverage merchandise fr',30,2316);
insert into d26_FATTURA_DETTAGLIO (ID,FATTURA_TESTATA_ID,RIGA,DESCRIZIONE,QUANTITA,IMPORTO) values (31427040034951990737048213143627104629,'31427040034926603294836305930958274933',827,'Industries in the Repair and Maintenance subsector restore machinery, equipment, and other products ',11,5226);
insert into d26_FATTURA_DETTAGLIO (ID,FATTURA_TESTATA_ID,RIGA,DESCRIZIONE,QUANTITA,IMPORTO) values (31427040034953199662867827772801810805,'31427040034877037336232106134795321717',602,'Industries in the Rail Transportation subsector provide rail transportation of passengers and/or car',29,5070);
insert into d26_FATTURA_DETTAGLIO (ID,FATTURA_TESTATA_ID,RIGA,DESCRIZIONE,QUANTITA,IMPORTO) values (31427040034954408588687442401976516981,'31427040034920558665738232785084744053',153,'Industries in the Support Activities for Transportation subsector provide services which support tra',14,8779);
insert into d26_FATTURA_DETTAGLIO (ID,FATTURA_TESTATA_ID,RIGA,DESCRIZIONE,QUANTITA,IMPORTO) values (31427040034955617514507057031151223157,'31427040034907260481722471864162976117',737,'Industries in the Motor Vehicle and Parts Dealers subsector retail motor vehicles and parts from fix',37,3441);
insert into d26_FATTURA_DETTAGLIO (ID,FATTURA_TESTATA_ID,RIGA,DESCRIZIONE,QUANTITA,IMPORTO) values (31427040034956826440326671660325929333,'31427040034869783781314418359747084661',122,'The Postal Service subsector includes the activities of the National Post Office and its subcontract',40,382);
insert into d26_FATTURA_DETTAGLIO (ID,FATTURA_TESTATA_ID,RIGA,DESCRIZIONE,QUANTITA,IMPORTO) values (31427040034958035366146286289500635509,'31427040034906051555902857234988269941',154,'Industries in the Primary Metal Manufacturing subsector smelt and/or refine ferrous and nonferrous m',2,2202);
insert into d26_FATTURA_DETTAGLIO (ID,FATTURA_TESTATA_ID,RIGA,DESCRIZIONE,QUANTITA,IMPORTO) values (31427040034959244291965900918675341685,'31427040034919349739918618155910037877',834,'Industries in the Warehousing and Storage subsector are primarily engaged in operating warehousing a',24,1052);
insert into d26_FATTURA_DETTAGLIO (ID,FATTURA_TESTATA_ID,RIGA,DESCRIZIONE,QUANTITA,IMPORTO) values (31427040034960453217785515547850047861,'31427040034880664113690950022319440245',582,'Industries in the Paper Manufacturing subsector make pulp, paper, or converted paper products.  The ',32,1185);
insert into d26_FATTURA_DETTAGLIO (ID,FATTURA_TESTATA_ID,RIGA,DESCRIZIONE,QUANTITA,IMPORTO) values (31427040034961662143605130177024754037,'31427040034874619484592876876445909365',428,'Industries in the Scenic and Sightseeing Transportation subsector utilize transportation equipment t',6,608);
insert into d26_FATTURA_DETTAGLIO (ID,FATTURA_TESTATA_ID,RIGA,DESCRIZIONE,QUANTITA,IMPORTO) values (31427040034962871069424744806199460213,'31427040034913305110820545010036506997',508,'Industries in the Building Material and Garden Equipment and Supplies Dealers subsector retail new b',43,8659);
insert into d26_FATTURA_DETTAGLIO (ID,FATTURA_TESTATA_ID,RIGA,DESCRIZIONE,QUANTITA,IMPORTO) values (31427040034964079995244359435374166389,'31427040034893962297706710943241208181',910,'Industries in the Computer and Electronic Product Manufacturing subsector group establishments that ',37,2916);
insert into d26_FATTURA_DETTAGLIO (ID,FATTURA_TESTATA_ID,RIGA,DESCRIZIONE,QUANTITA,IMPORTO) values (31427040034965288921063974064548872565,'31427040034890335520247867055717089653',221,'Industries in the Funds, Trusts, and Other Financial Vehicles subsector group legal entities (i.e., ',34,8035);
insert into d26_FATTURA_DETTAGLIO (ID,FATTURA_TESTATA_ID,RIGA,DESCRIZIONE,QUANTITA,IMPORTO) values (31427040034966497846883588693723578741,'31427040034870992707134032988921790837',119,'Industries in the Broadcasting (except Internet) subsector include establishments that create conten',45,2700);
insert into d26_FATTURA_DETTAGLIO (ID,FATTURA_TESTATA_ID,RIGA,DESCRIZIONE,QUANTITA,IMPORTO) values (31427040034967706772703203322898284917,'31427040034896380149345940201590620533',394,'Industries in the Securities, Commodity Contracts, and Other Financial Investments and Related Activ',26,1);
insert into d26_FATTURA_DETTAGLIO (ID,FATTURA_TESTATA_ID,RIGA,DESCRIZIONE,QUANTITA,IMPORTO) values (31427040034968915698522817952072991093,'31427040034924185443197076672608862581',723,'Industries in the Telecommunications subsector group establishments that provide telecommunications ',7,84);
insert into d26_FATTURA_DETTAGLIO (ID,FATTURA_TESTATA_ID,RIGA,DESCRIZIONE,QUANTITA,IMPORTO) values (31427040034970124624342432581247697269,'31427040034922976517377462043434156405',315,'Industries in the Real Estate subsector group establishments primarily engaged in renting or leasing',20,7741);
insert into d26_FATTURA_DETTAGLIO (ID,FATTURA_TESTATA_ID,RIGA,DESCRIZIONE,QUANTITA,IMPORTO) values (31427040034971333550162047210422403445,'31427040034892753371887096314066502005',385,'Industries in the Publishing Industries (except Internet) subsector group establishments engaged in ',11,1674);
insert into d26_FATTURA_DETTAGLIO (ID,FATTURA_TESTATA_ID,RIGA,DESCRIZIONE,QUANTITA,IMPORTO) values (31427040034972542475981661839597109621,'31427040034912096185000930380861800821',414,'Industries in the Lessors of Nonfinancial Intangible Assets (except Copyrighted Works) subsector inc',25,2584);
insert into d26_FATTURA_DETTAGLIO (ID,FATTURA_TESTATA_ID,RIGA,DESCRIZIONE,QUANTITA,IMPORTO) values (31427040034973751401801276468771815797,'31427040034903633704263627976638857589',624,'Industries in the Machinery Manufacturing subsector create end products that apply mechanical force,',25,3192);
insert into d26_FATTURA_DETTAGLIO (ID,FATTURA_TESTATA_ID,RIGA,DESCRIZIONE,QUANTITA,IMPORTO) values (31427040034974960327620891097946521973,'31427040034902424778444013347464151413',435,'Industries in the Health and Personal Care Stores subsector retail health and personal care merchand',9,4646);
insert into d26_FATTURA_DETTAGLIO (ID,FATTURA_TESTATA_ID,RIGA,DESCRIZIONE,QUANTITA,IMPORTO) values (31427040034976169253440505727121228149,'31427040034901215852624398718289445237',252,'Industries in the Fabricated Metal Product Manufacturing subsector transform metal into intermediate',1,289);
insert into d26_FATTURA_DETTAGLIO (ID,FATTURA_TESTATA_ID,RIGA,DESCRIZIONE,QUANTITA,IMPORTO) values (31427040034977378179260120356295934325,'31427040034927812220655920560132981109',232,'Industries in the Furniture and Related Product Manufacturing subsector make furniture and related a',48,4253);
insert into d26_FATTURA_DETTAGLIO (ID,FATTURA_TESTATA_ID,RIGA,DESCRIZIONE,QUANTITA,IMPORTO) values (31427040034978587105079734985470640501,'31427040034872201632953647618096497013',376,'Industries in the Water Transportation subsector provide water transportation of passengers and carg',42,7239);
insert into d26_FATTURA_DETTAGLIO (ID,FATTURA_TESTATA_ID,RIGA,DESCRIZIONE,QUANTITA,IMPORTO) values (31427040034979796030899349614645346677,'31427040034908469407542086493337682293',298,'Industries in the Other Information Services subsector group establishments supplying information, s',3,5520);
insert into d26_FATTURA_DETTAGLIO (ID,FATTURA_TESTATA_ID,RIGA,DESCRIZIONE,QUANTITA,IMPORTO) values (31427040034981004956718964243820052853,'31427040034878246262051720763970027893',202,'The Nonmetallic Mineral Product Manufacturing subsector transforms mined or quarried nonmetallic min',20,6136);
insert into d26_FATTURA_DETTAGLIO (ID,FATTURA_TESTATA_ID,RIGA,DESCRIZIONE,QUANTITA,IMPORTO) values (31427040034982213882538578872994759029,'31427040034897589075165554830765326709',902,'Industries in the Transit and Ground Passenger Transportation subsector include a variety of passeng',26,416);
insert into d26_FATTURA_DETTAGLIO (ID,FATTURA_TESTATA_ID,RIGA,DESCRIZIONE,QUANTITA,IMPORTO) values (31427040034983422808358193502169465205,'31427040034916931888279388897560625525',305,'The Monetary Authorities-Central Bank subsector groups establishments that engage in performing cent',39,3147);
insert into d26_FATTURA_DETTAGLIO (ID,FATTURA_TESTATA_ID,RIGA,DESCRIZIONE,QUANTITA,IMPORTO) values (31427040034984631734177808131344171381,'31427040034873410558773262247271203189',211,'Industries in the Electronics and Appliance Stores subsector retail new electronics and appliances f',34,3685);
insert into d26_FATTURA_DETTAGLIO (ID,FATTURA_TESTATA_ID,RIGA,DESCRIZIONE,QUANTITA,IMPORTO) values (31427040034985840659997422760518877557,'31427040034885499816969408539018264949',649,'Industries in the Couriers and Messengers subsector provide intercity, local, and/or international d',40,2470);
insert into d26_FATTURA_DETTAGLIO (ID,FATTURA_TESTATA_ID,RIGA,DESCRIZIONE,QUANTITA,IMPORTO) values (31427040034987049585817037389693583733,'31427040034900006926804784089114739061',341,'Industries in the Printing and Related Support Activities subsector print products, such as newspape',24,8553);
insert into d26_FATTURA_DETTAGLIO (ID,FATTURA_TESTATA_ID,RIGA,DESCRIZIONE,QUANTITA,IMPORTO) values (31427040034988258511636652018868289909,'31427040034909678333361701122512388469',368,'The Petroleum and Coal Products Manufacturing subsector is based on the transformation of crude petr',25,9213);
insert into d26_FATTURA_DETTAGLIO (ID,FATTURA_TESTATA_ID,RIGA,DESCRIZIONE,QUANTITA,IMPORTO) values (31427040034989467437456266648042996085,'31427040034898798000985169459940032885',482,'Industries in the Professional, Scientific, and Technical Services subsector group establishments en',10,4776);
