<?xml version="1.0" encoding="utf-8"?><?xml-stylesheet type="text/xsl" href="fatturaordinaria_v1.2.1.xsl"?><FatturaElettronica xmlns:xsi="http://www.w3.org/2001/XMLSchema-instance" xmlns:xsd="http://www.w3.org/2001/XMLSchema" versione="FPR12" xmlns="http://ivaservizi.agenziaentrate.gov.it/docs/xsd/fatture/v1.2"><FatturaElettronicaHeader><DatiTrasmissione><IdTrasmittente><IdPaese>IT</IdPaese><IdCodice>000</IdCodice></IdTrasmittente><ProgressivoInvio>31427040034918140814099003526735331701</ProgressivoInvio><FormatoTrasmissione>FPR12</FormatoTrasmissione><CodiceDestinatario>425959</CodiceDestinatario><PECDestinatario>nail@pec.it</PECDestinatario></DatiTrasmissione><CedentePrestatore><DatiAnagrafici><IdFiscaleIVA><IdPaese>IT</IdPaese><IdCodice>00000000000</IdCodice></IdFiscaleIVA><CodiceFiscale>00000000000</CodiceFiscale><Anagrafica><Denominazione>Mia Azienda SPA</Denominazione></Anagrafica><Sede><Indirizzo>Mio Indirizzo</Indirizzo><NumeroCivico>0</NumeroCivico><CAP>00000</CAP><Comune>Mio Comune</Comune><Provincia>MI</Provincia><Nazione>IT</Nazione></Sede><IscrizioneREA><Ufficio>Uff REA</Ufficio><NumeroREA>Num REA</NumeroREA><StatoLiquidazione>ST</StatoLiquidazione></IscrizioneREA></DatiAnagrafici></CedentePrestatore><CessionarioCommittente><DatiAnagrafici><IdFiscaleIVA><IdPaese>IT</IdPaese><IdCodice>89679519202</IdCodice></IdFiscaleIVA><CodiceFiscale>89679519202</CodiceFiscale><Anagrafica><Denominazione>N Magna Facilis Oblique Part.</Denominazione></Anagrafica><Sede><Indirizzo>PO BOX 196900</Indirizzo><CAP>00000</CAP><Comune>Comune Cliente</Comune><Provincia>XX</Provincia><Nazione>IT</Nazione></Sede></DatiAnagrafici></CessionarioCommittente></FatturaElettronicaHeader><FatturaElettronicaBody><DatiGenerali><DatiGeneraliDocumento><TipoDocumento>TD01</TipoDocumento><Divisa>EUR</Divisa><Data>2024-08-08</Data><Numero>2024/8909</Numero><ImportoTotaleDocumento>       807.00</ImportoTotaleDocumento></DatiGeneraliDocumento></DatiGenerali><DatiBeniServizi><DettaglioLinee><NumeroLinea>518</NumeroLinea><Descrizione>Industries in the Museums, Historical Sites, and Similar Institutions subsector engage in the preser</Descrizione><PrezzoUnitario>       115.29</PrezzoUnitario><Quantita>7</Quantita><PrezzoTotale>       807.00</PrezzoTotale><AliquotaIVA>  22.00</AliquotaIVA><Natura></Natura></DettaglioLinee><DatiRiepilogo><AliquotaIVA>  22.00</AliquotaIVA><Natura></Natura><importoImporto>          807.00</importoImporto><Imposta>          177.54</Imposta><RiferimentoNormativo>RIF</RiferimentoNormativo><EsigibilitaIVA>I</EsigibilitaIVA></DatiRiepilogo><DatiPagamento><CondizioniPagamento>TP02</CondizioniPagamento><DettaglioPagamento><ModalitaPagamento>MP01</ModalitaPagamento><DataScadenzaPagamento>2024-09-07</DataScadenzaPagamento><ImportoPagamento>          984.54</ImportoPagamento><IstitutoFinanziario>XXX</IstitutoFinanziario><IBAN>XXX</IBAN></DettaglioPagamento></DatiPagamento></DatiBeniServizi></FatturaElettronicaBody></FatturaElettronica>