<?xml version="1.0" encoding="utf-8"?><?xml-stylesheet type="text/xsl" href="fatturaordinaria_v1.2.1.xsl"?><FatturaElettronica xmlns:xsi="http://www.w3.org/2001/XMLSchema-instance" xmlns:xsd="http://www.w3.org/2001/XMLSchema" versione="FPR12" xmlns="http://ivaservizi.agenziaentrate.gov.it/docs/xsd/fatture/v1.2"><FatturaElettronicaHeader><DatiTrasmissione><IdTrasmittente><IdPaese>IT</IdPaese><IdCodice>000</IdCodice></IdTrasmittente><ProgressivoInvio>31427040034904842630083242605813563765</ProgressivoInvio><FormatoTrasmissione>FPR12</FormatoTrasmissione><CodiceDestinatario>269311</CodiceDestinatario><PECDestinatario>nail@pec.it</PECDestinatario></DatiTrasmissione><CedentePrestatore><DatiAnagrafici><IdFiscaleIVA><IdPaese>IT</IdPaese><IdCodice>00000000000</IdCodice></IdFiscaleIVA><CodiceFiscale>00000000000</CodiceFiscale><Anagrafica><Denominazione>Mia Azienda SPA</Denominazione></Anagrafica><Sede><Indirizzo>Mio Indirizzo</Indirizzo><NumeroCivico>0</NumeroCivico><CAP>00000</CAP><Comune>Mio Comune</Comune><Provincia>MI</Provincia><Nazione>IT</Nazione></Sede><IscrizioneREA><Ufficio>Uff REA</Ufficio><NumeroREA>Num REA</NumeroREA><StatoLiquidazione>ST</StatoLiquidazione></IscrizioneREA></DatiAnagrafici></CedentePrestatore><CessionarioCommittente><DatiAnagrafici><IdFiscaleIVA><IdPaese>IT</IdPaese><IdCodice>80070697026</IdCodice></IdFiscaleIVA><CodiceFiscale>80070697026</CodiceFiscale><Anagrafica><Denominazione>Putant Suscipiantur Definitio.</Denominazione></Anagrafica><Sede><Indirizzo>CITY HALL, 707 WEST ACEQUIA</Indirizzo><CAP>00000</CAP><Comune>Comune Cliente</Comune><Provincia>XX</Provincia><Nazione>IT</Nazione></Sede></DatiAnagrafici></CessionarioCommittente></FatturaElettronicaHeader><FatturaElettronicaBody><DatiGenerali><DatiGeneraliDocumento><TipoDocumento>TD01</TipoDocumento><Divisa>EUR</Divisa><Data>2024-01-27</Data><Numero>2024/8579</Numero><ImportoTotaleDocumento>      2316.00</ImportoTotaleDocumento></DatiGeneraliDocumento></DatiGenerali><DatiBeniServizi><DettaglioLinee><NumeroLinea>963</NumeroLinea><Descrizione>Industries in the Food and Beverage Stores subsector usually retail food and beverage merchandise fr</Descrizione><PrezzoUnitario>        77.20</PrezzoUnitario><Quantita>30</Quantita><PrezzoTotale>      2316.00</PrezzoTotale><AliquotaIVA>  22.00</AliquotaIVA><Natura></Natura></DettaglioLinee><DatiRiepilogo><AliquotaIVA>  22.00</AliquotaIVA><Natura></Natura><importoImporto>         2316.00</importoImporto><Imposta>          509.52</Imposta><RiferimentoNormativo>RIF</RiferimentoNormativo><EsigibilitaIVA>I</EsigibilitaIVA></DatiRiepilogo><DatiPagamento><CondizioniPagamento>TP02</CondizioniPagamento><DettaglioPagamento><ModalitaPagamento>MP01</ModalitaPagamento><DataScadenzaPagamento>2024-02-26</DataScadenzaPagamento><ImportoPagamento>         2825.52</ImportoPagamento><IstitutoFinanziario>XXX</IstitutoFinanziario><IBAN>XXX</IBAN></DettaglioPagamento></DatiPagamento></DatiBeniServizi></FatturaElettronicaBody></FatturaElettronica>