<?xml version="1.0" encoding="utf-8"?><?xml-stylesheet type="text/xsl" href="fatturaordinaria_v1.2.1.xsl"?><FatturaElettronica xmlns:xsi="http://www.w3.org/2001/XMLSchema-instance" xmlns:xsd="http://www.w3.org/2001/XMLSchema" versione="FPR12" xmlns="http://ivaservizi.agenziaentrate.gov.it/docs/xsd/fatture/v1.2"><FatturaElettronicaHeader><DatiTrasmissione><IdTrasmittente><IdPaese>IT</IdPaese><IdCodice>000</IdCodice></IdTrasmittente><ProgressivoInvio>31427040034902424778444013347464151413</ProgressivoInvio><FormatoTrasmissione>FPR12</FormatoTrasmissione><CodiceDestinatario>587580</CodiceDestinatario><PECDestinatario>nail@pec.it</PECDestinatario></DatiTrasmissione><CedentePrestatore><DatiAnagrafici><IdFiscaleIVA><IdPaese>IT</IdPaese><IdCodice>00000000000</IdCodice></IdFiscaleIVA><CodiceFiscale>00000000000</CodiceFiscale><Anagrafica><Denominazione>Mia Azienda SPA</Denominazione></Anagrafica><Sede><Indirizzo>Mio Indirizzo</Indirizzo><NumeroCivico>0</NumeroCivico><CAP>00000</CAP><Comune>Mio Comune</Comune><Provincia>MI</Provincia><Nazione>IT</Nazione></Sede><IscrizioneREA><Ufficio>Uff REA</Ufficio><NumeroREA>Num REA</NumeroREA><StatoLiquidazione>ST</StatoLiquidazione></IscrizioneREA></DatiAnagrafici></CedentePrestatore><CessionarioCommittente><DatiAnagrafici><IdFiscaleIVA><IdPaese>IT</IdPaese><IdCodice>12369322727</IdCodice></IdFiscaleIVA><CodiceFiscale>12369322727</CodiceFiscale><Anagrafica><Denominazione>Iendo An Est Et Eam Commune.</Denominazione></Anagrafica><Sede><Indirizzo>800 ARPT DR SUITE 15</Indirizzo><CAP>00000</CAP><Comune>Comune Cliente</Comune><Provincia>XX</Provincia><Nazione>IT</Nazione></Sede></DatiAnagrafici></CessionarioCommittente></FatturaElettronicaHeader><FatturaElettronicaBody><DatiGenerali><DatiGeneraliDocumento><TipoDocumento>TD01</TipoDocumento><Divisa>EUR</Divisa><Data>2024-02-11</Data><Numero>2024/6258</Numero><ImportoTotaleDocumento>      4646.00</ImportoTotaleDocumento></DatiGeneraliDocumento></DatiGenerali><DatiBeniServizi><DettaglioLinee><NumeroLinea>435</NumeroLinea><Descrizione>Industries in the Health and Personal Care Stores subsector retail health and personal care merchand</Descrizione><PrezzoUnitario>       516.22</PrezzoUnitario><Quantita>9</Quantita><PrezzoTotale>      4646.00</PrezzoTotale><AliquotaIVA>  22.00</AliquotaIVA><Natura></Natura></DettaglioLinee><DatiRiepilogo><AliquotaIVA>  22.00</AliquotaIVA><Natura></Natura><importoImporto>         4646.00</importoImporto><Imposta>         1022.12</Imposta><RiferimentoNormativo>RIF</RiferimentoNormativo><EsigibilitaIVA>I</EsigibilitaIVA></DatiRiepilogo><DatiPagamento><CondizioniPagamento>TP02</CondizioniPagamento><DettaglioPagamento><ModalitaPagamento>MP01</ModalitaPagamento><DataScadenzaPagamento>2024-03-12</DataScadenzaPagamento><ImportoPagamento>         5668.12</ImportoPagamento><IstitutoFinanziario>XXX</IstitutoFinanziario><IBAN>XXX</IBAN></DettaglioPagamento></DatiPagamento></DatiBeniServizi></FatturaElettronicaBody></FatturaElettronica>