<?xml version="1.0" encoding="utf-8"?><?xml-stylesheet type="text/xsl" href="fatturaordinaria_v1.2.1.xsl"?><FatturaElettronica xmlns:xsi="http://www.w3.org/2001/XMLSchema-instance" xmlns:xsd="http://www.w3.org/2001/XMLSchema" versione="FPR12" xmlns="http://ivaservizi.agenziaentrate.gov.it/docs/xsd/fatture/v1.2"><FatturaElettronicaHeader><DatiTrasmissione><IdTrasmittente><IdPaese>IT</IdPaese><IdCodice>000</IdCodice></IdTrasmittente><ProgressivoInvio>31427040034927812220655920560132981109</ProgressivoInvio><FormatoTrasmissione>FPR12</FormatoTrasmissione><CodiceDestinatario>838442</CodiceDestinatario><PECDestinatario>nail@pec.it</PECDestinatario></DatiTrasmissione><CedentePrestatore><DatiAnagrafici><IdFiscaleIVA><IdPaese>IT</IdPaese><IdCodice>00000000000</IdCodice></IdFiscaleIVA><CodiceFiscale>00000000000</CodiceFiscale><Anagrafica><Denominazione>Mia Azienda SPA</Denominazione></Anagrafica><Sede><Indirizzo>Mio Indirizzo</Indirizzo><NumeroCivico>0</NumeroCivico><CAP>00000</CAP><Comune>Mio Comune</Comune><Provincia>MI</Provincia><Nazione>IT</Nazione></Sede><IscrizioneREA><Ufficio>Uff REA</Ufficio><NumeroREA>Num REA</NumeroREA><StatoLiquidazione>ST</StatoLiquidazione></IscrizioneREA></DatiAnagrafici></CedentePrestatore><CessionarioCommittente><DatiAnagrafici><IdFiscaleIVA><IdPaese>IT</IdPaese><IdCodice>33100953679</IdCodice></IdFiscaleIVA><CodiceFiscale>33100953679</CodiceFiscale><Anagrafica><Denominazione>Tos Similique Et Usu Dico Mne.</Denominazione></Anagrafica><Sede><Indirizzo>975 TERMINAL WAY</Indirizzo><CAP>00000</CAP><Comune>Comune Cliente</Comune><Provincia>XX</Provincia><Nazione>IT</Nazione></Sede></DatiAnagrafici></CessionarioCommittente></FatturaElettronicaHeader><FatturaElettronicaBody><DatiGenerali><DatiGeneraliDocumento><TipoDocumento>TD01</TipoDocumento><Divisa>EUR</Divisa><Data>2024-08-03</Data><Numero>2024/5690</Numero><ImportoTotaleDocumento>      4253.00</ImportoTotaleDocumento></DatiGeneraliDocumento></DatiGenerali><DatiBeniServizi><DettaglioLinee><NumeroLinea>232</NumeroLinea><Descrizione>Industries in the Furniture and Related Product Manufacturing subsector make furniture and related a</Descrizione><PrezzoUnitario>        88.60</PrezzoUnitario><Quantita>48</Quantita><PrezzoTotale>      4253.00</PrezzoTotale><AliquotaIVA>  22.00</AliquotaIVA><Natura></Natura></DettaglioLinee><DatiRiepilogo><AliquotaIVA>  22.00</AliquotaIVA><Natura></Natura><importoImporto>         4253.00</importoImporto><Imposta>          935.66</Imposta><RiferimentoNormativo>RIF</RiferimentoNormativo><EsigibilitaIVA>I</EsigibilitaIVA></DatiRiepilogo><DatiPagamento><CondizioniPagamento>TP02</CondizioniPagamento><DettaglioPagamento><ModalitaPagamento>MP01</ModalitaPagamento><DataScadenzaPagamento>2024-09-02</DataScadenzaPagamento><ImportoPagamento>         5188.66</ImportoPagamento><IstitutoFinanziario>XXX</IstitutoFinanziario><IBAN>XXX</IBAN></DettaglioPagamento></DatiPagamento></DatiBeniServizi></FatturaElettronicaBody></FatturaElettronica>