<?xml version="1.0" encoding="utf-8"?><?xml-stylesheet type="text/xsl" href="fatturaordinaria_v1.2.1.xsl"?><FatturaElettronica xmlns:xsi="http://www.w3.org/2001/XMLSchema-instance" xmlns:xsd="http://www.w3.org/2001/XMLSchema" versione="FPR12" xmlns="http://ivaservizi.agenziaentrate.gov.it/docs/xsd/fatture/v1.2"><FatturaElettronicaHeader><DatiTrasmissione><IdTrasmittente><IdPaese>IT</IdPaese><IdCodice>000</IdCodice></IdTrasmittente><ProgressivoInvio>31427040034922976517377462043434156405</ProgressivoInvio><FormatoTrasmissione>FPR12</FormatoTrasmissione><CodiceDestinatario>747531</CodiceDestinatario><PECDestinatario>nail@pec.it</PECDestinatario></DatiTrasmissione><CedentePrestatore><DatiAnagrafici><IdFiscaleIVA><IdPaese>IT</IdPaese><IdCodice>00000000000</IdCodice></IdFiscaleIVA><CodiceFiscale>00000000000</CodiceFiscale><Anagrafica><Denominazione>Mia Azienda SPA</Denominazione></Anagrafica><Sede><Indirizzo>Mio Indirizzo</Indirizzo><NumeroCivico>0</NumeroCivico><CAP>00000</CAP><Comune>Mio Comune</Comune><Provincia>MI</Provincia><Nazione>IT</Nazione></Sede><IscrizioneREA><Ufficio>Uff REA</Ufficio><NumeroREA>Num REA</NumeroREA><StatoLiquidazione>ST</StatoLiquidazione></IscrizioneREA></DatiAnagrafici></CedentePrestatore><CessionarioCommittente><DatiAnagrafici><IdFiscaleIVA><IdPaese>IT</IdPaese><IdCodice>37999721924</IdCodice></IdFiscaleIVA><CodiceFiscale>37999721924</CodiceFiscale><Anagrafica><Denominazione>Delenit Dissentiet Eu Vim Id.</Denominazione></Anagrafica><Sede><Indirizzo>2301 PEGER ROAD</Indirizzo><CAP>00000</CAP><Comune>Comune Cliente</Comune><Provincia>XX</Provincia><Nazione>IT</Nazione></Sede></DatiAnagrafici></CessionarioCommittente></FatturaElettronicaHeader><FatturaElettronicaBody><DatiGenerali><DatiGeneraliDocumento><TipoDocumento>TD01</TipoDocumento><Divisa>EUR</Divisa><Data>2024-05-12</Data><Numero>2024/9867</Numero><ImportoTotaleDocumento>      7741.00</ImportoTotaleDocumento></DatiGeneraliDocumento></DatiGenerali><DatiBeniServizi><DettaglioLinee><NumeroLinea>315</NumeroLinea><Descrizione>Industries in the Real Estate subsector group establishments primarily engaged in renting or leasing</Descrizione><PrezzoUnitario>       387.05</PrezzoUnitario><Quantita>20</Quantita><PrezzoTotale>      7741.00</PrezzoTotale><AliquotaIVA>  22.00</AliquotaIVA><Natura></Natura></DettaglioLinee><DatiRiepilogo><AliquotaIVA>  22.00</AliquotaIVA><Natura></Natura><importoImporto>         7741.00</importoImporto><Imposta>         1703.02</Imposta><RiferimentoNormativo>RIF</RiferimentoNormativo><EsigibilitaIVA>I</EsigibilitaIVA></DatiRiepilogo><DatiPagamento><CondizioniPagamento>TP02</CondizioniPagamento><DettaglioPagamento><ModalitaPagamento>MP01</ModalitaPagamento><DataScadenzaPagamento>2024-06-11</DataScadenzaPagamento><ImportoPagamento>         9444.02</ImportoPagamento><IstitutoFinanziario>XXX</IstitutoFinanziario><IBAN>XXX</IBAN></DettaglioPagamento></DatiPagamento></DatiBeniServizi></FatturaElettronicaBody></FatturaElettronica>